{"U": {"min_value": -3.522, "max_value": 2.4807, "total_value": -34.9496, "avg_value": -0.4993}, "O": {"min_value": -4.0926, "max_value": 1.987, "total_value": -36.3886, "avg_value": -0.5198}, "W": {"min_value": -4.1514, "max_value": 1.472, "total_value": -50.2034, "avg_value": -0.7172}, "R": {"min_value": -3.8271, "max_value": 1.9864, "total_value": -35.689699999999995, "avg_value": -0.5099}, "V": {"min_value": -4.2445, "max_value": 1.94, "total_value": -45.162099999999995, "avg_value": -0.6452}, "S": {"min_value": -3.4536, "max_value": 1.9648, "total_value": -37.1492, "avg_value": -0.5307}, "All": {"min_value": -4.2445, "max_value": 2.5251, "total_value": -370.764, "avg_value": -0.5297}, "N": {"min_value": -3.7422, "max_value": 2.2055, "total_value": -27.1355, "avg_value": -0.3876}, "T": {"min_value": -3.6117, "max_value": 2.4006, "total_value": -34.296699999999994, "avg_value": -0.49}, "P": {"min_value": -4.0672, "max_value": 2.5251, "total_value": -33.9743, "avg_value": -0.4853}, "Q": {"min_value": -4.0024, "max_value": 2.3248, "total_value": -35.814899999999994, "avg_value": -0.5116}}