one,three,MW,lambdas,sigmas,q,bondlength
R,ARG,156.19,0.740790276483995,0.656,1,0.38
D,ASP,115.09,0.092587557536158,0.558,-1,0.38
N,ASN,114.1,0.37069621636904,0.568,0,0.38
E,GLU,129.11,0.000249590539426,0.592,-1,0.38
K,LYS,128.17,0.138060254203927,0.636,1,0.38
H,HIS,137.14,0.408717621652548,0.608,0,0.38
Q,GLN,128.13,0.314344979166913,0.602,0,0.38
S,SER,87.08,0.447314257269318,0.518,0,0.38
C,CYS,103.14,0.592252908460132,0.548,0,0.38
G,GLY,57.05,0.753830811519739,0.45,0,0.38
T,THR,101.11,0.267238793654415,0.562,0,0.38
A,ALA,71.07,0.337724436203163,0.504,0,0.38
M,MET,131.2,0.517087416039854,0.618,0,0.38
Y,TYR,163.18,0.950628687301107,0.646,0,0.38
V,VAL,99.13,0.293617421177138,0.586,0,0.38
W,TRP,186.22,1.03345012357451,0.678,0,0.38
L,LEU,113.16,0.554861531299388,0.618,0,0.38
I,ILE,113.16,0.513039887442571,0.618,0,0.38
P,PRO,97.12,0.346977752351937,0.556,0,0.38
F,PHE,147.18,0.890644935549986,0.636,0,0.38
